[
  {
    "id": 1,
    "nome":"Tenis Adidas",
    "cor": "Branca",
    "estilo":"casual",
    "marca":"Adidas",
    "img":"./assets/produtos/tenis01.jpg",
    "descricao":"Lorem Ipsum is simply dummy text of the printing and typesetting industry. Lorem Ipsum has been the industry's standard dummy text ever since the 1500s, when an unknown printer took a galley of type and scrambled it to make a type specimen book."
  },
  {
    "id": 2,
    "nome":"Tenis Nike",
    "cor": "Preto",
    "estilo":"casual",
    "marca":"Nike",
    "img":"./assets/produtos/tenis02.jpg",
    "descricao":"Lorem Ipsum is simply dummy text of the printing and typesetting industry. Lorem Ipsum has been the industry's standard dummy text ever since the 1500s, when an unknown printer took a galley of type and scrambled it to make a type specimen book."
  },
  {
    "id": 3,
    "nome":"Tenis Puma",
    "cor": "Vermelho",
    "estilo":"casual",
    "marca":"Puma",
    "img":"./assets/produtos/tenis03.jpg",
    "descricao":"Lorem Ipsum is simply dummy text of the printing and typesetting industry. Lorem Ipsum has been the industry's standard dummy text ever since the 1500s, when an unknown printer took a galley of type and scrambled it to make a type specimen book."
  },
  {
    "id": 1,
    "nome":"Tenis Adidas",
    "cor": "Branca",
    "estilo":"casual",
    "marca":"Adidas",
    "img":"./assets/produtos/tenis01.jpg",
    "descricao":"Lorem Ipsum is simply dummy text of the printing and typesetting industry. Lorem Ipsum has been the industry's standard dummy text ever since the 1500s, when an unknown printer took a galley of type and scrambled it to make a type specimen book."
  },
  {
    "id": 2,
    "nome":"Tenis Nike",
    "cor": "Preto",
    "estilo":"casual",
    "marca":"Nike",
    "img":"./assets/produtos/tenis02.jpg",
    "descricao":"Lorem Ipsum is simply dummy text of the printing and typesetting industry. Lorem Ipsum has been the industry's standard dummy text ever since the 1500s, when an unknown printer took a galley of type and scrambled it to make a type specimen book."
  },
  {
    "id": 3,
    "nome":"Tenis Puma",
    "cor": "Vermelho",
    "estilo":"casual",
    "marca":"Puma",
    "img":"./assets/produtos/tenis03.jpg",
    "descricao":"Lorem Ipsum is simply dummy text of the printing and typesetting industry. Lorem Ipsum has been the industry's standard dummy text ever since the 1500s, when an unknown printer took a galley of type and scrambled it to make a type specimen book."
  },
  {
    "id": 4,
    "nome":"Tenis Puma",
    "cor": "Vermelho",
    "estilo":"casual",
    "marca":"Puma",
    "img":"./assets/produtos/tenis03.jpg",
    "descricao":"Lorem Ipsum is simply dummy text of the printing and typesetting industry. Lorem Ipsum has been the industry's standard dummy text ever since the 1500s, when an unknown printer took a galley of type and scrambled it to make a type specimen book."
  }
]
